<?xml version="1.0" encoding="UTF-8" standalone="yes"?>
<addon id="script.playbulbs" name="Mipow Playbulbs" version="3.0.0"
	provider-name="Heckie">
	<requires>
		<import addon="xbmc.python" version="3.0.0" />
		<import addon="xbmc.addon" version="20.0.0" />
	</requires>
	<extension point="xbmc.python.script" library="addon.py" />
	<extension point="xbmc.addon.metadata">
		<summary lang="en_gb">Mipow Playbulbs</summary>
		<description lang="en_gb">Mipow Playbulbs</description>
		<disclaimer lang="en_gb"></disclaimer>
		<language></language>
		<platform>linux windows</platform>
		<license>MIT</license>
		<forum></forum>
		<website></website>
		<email></email>
		<source></source>
		<news>
			v3.0.0 (2023-10-13)
			- Total rewrite of addon
			v2.0.1 (2021-12-05)
			- Added 4 more slots so that there are 12 now
			v2.0.0 (2020-02-20)
			- Migration to Kodi v19 alias Matrix
		</news>
		<assets>
			<icon>icon.png</icon>
			<screenshot>resources/assets/screenshot_1.png</screenshot>
			<screenshot>resources/assets/screenshot_2.png</screenshot>
			<screenshot>resources/assets/screenshot_3.png</screenshot>
			<screenshot>resources/assets/screenshot_4.png</screenshot>
			<screenshot>resources/assets/screenshot_5.png</screenshot>
			<screenshot>resources/assets/screenshot_6.png</screenshot>
			<screenshot>resources/assets/screenshot_7.png</screenshot>
			<screenshot>resources/assets/screenshot_8.png</screenshot>
			<screenshot>resources/assets/screenshot_9.png</screenshot>
			<screenshot>resources/assets/screenshot_10.png</screenshot>
			<screenshot>resources/assets/screenshot_11.png</screenshot>
			<screenshot>resources/assets/screenshot_12.png</screenshot>
			<screenshot>resources/assets/screenshot_13.png</screenshot>
			<screenshot>resources/assets/screenshot_14.png</screenshot>
			<screenshot>resources/assets/screenshot_15.png</screenshot>
			<screenshot>resources/assets/screenshot_16.png</screenshot>
			<screenshot>resources/assets/screenshot_17.png</screenshot>
		</assets>
	</extension>
</addon>
