<?xml version="1.0" encoding="UTF-8" standalone="yes"?>
<addon id="plugin.audio.playbulb" name="Mipow Playbulb Control" version="0.0.2"
	provider-name="Heckie">
	<requires>
		<import addon="xbmc.python" version="2.25.0" />
		<import addon="xmbc.json" version="7.0.0" />
	</requires>
	<extension point="xbmc.python.pluginsource" library="addon.py">
		<provides>audio</provides>
	</extension>
	<extension point="xbmc.addon.metadata">
		<summary lang="en_gb">Mipow Playbulb Control</summary>
		<description lang="en_gb">Mipow Playbulb Control</description>
		<disclaimer lang="en_gb"></disclaimer>
		<language></language>
		<platform>linux</platform>
		<license></license>
		<forum></forum>
		<website></website>
		<email></email>
		<source></source>
		<news>v0.0.1 (2018-08-01)
		- development starts
		</news>
		<assets>
			<icon>icon.png</icon>
			<screenshot>resources/assets/screenshot_1.png</screenshot>
			<screenshot>resources/assets/screenshot_2.png</screenshot>
			<screenshot>resources/assets/screenshot_3.png</screenshot>
			<screenshot>resources/assets/screenshot_4.png</screenshot>						
			<screenshot>resources/assets/screenshot_5.png</screenshot>
			<screenshot>resources/assets/screenshot_6.png</screenshot>
			<screenshot>resources/assets/screenshot_7.png</screenshot>
			<screenshot>resources/assets/screenshot_8.png</screenshot>						
			<screenshot>resources/assets/screenshot_9.png</screenshot>
			<screenshot>resources/assets/screenshot_10.png</screenshot>
			<screenshot>resources/assets/screenshot_11.png</screenshot>
			<screenshot>resources/assets/screenshot_12.png</screenshot>						
			<screenshot>resources/assets/screenshot_13.png</screenshot>
			<screenshot>resources/assets/screenshot_14.png</screenshot>
			<screenshot>resources/assets/screenshot_15.png</screenshot>
			<screenshot>resources/assets/screenshot_16.png</screenshot>
			<screenshot>resources/assets/screenshot_17.png</screenshot>															
		</assets>
	</extension>
</addon>
